title,keyword,category,difficulty,priority
How to treat hormonal acne in adults,hormonal acne treatment,acne,intermediate,10
Retinol vs retinoid: what's the difference,retinol vs retinoid,ingredients,advanced,9
Building a skincare routine for sensitive skin,sensitive skin routine,routine,beginner,9
Vitamin C serums: what to look for,vitamin c serum,ingredients,intermediate,8
How to layer skincare products correctly,skincare layering order,routine,beginner,8
Niacinamide explained: benefits and pairings,niacinamide benefits,ingredients,intermediate,7
Why your skin barrier matters and how to repair it,skin barrier repair,concerns,intermediate,7
Hyperpigmentation: causes and evidence-based treatments,hyperpigmentation treatment,concerns,advanced,7
Choosing a sunscreen: mineral vs chemical,mineral vs chemical sunscreen,ingredients,beginner,6
Skincare for combination skin: the practical guide,combination skin routine,routine,intermediate,6
